GROUP,PACKAGE,CLASS,INSTRUCTION_MISSED,INSTRUCTION_COVERED,BRANCH_MISSED,BRANCH_COVERED,LINE_MISSED,LINE_COVERED,COMPLEXITY_MISSED,COMPLEXITY_COVERED,METHOD_MISSED,METHOD_COVERED
service-kiosko-upn,com.tech.application.rest.exception,GlobalExceptionHandler,10,7,0,0,2,2,1,2,1,2
service-kiosko-upn,com.tech.application.rest.controllers,SkmAprobacionesController,511,3,8,0,108,1,13,1,9,1
service-kiosko-upn,com.tech.application.rest.controllers,SkmArchivoController,64,3,0,0,13,1,2,1,2,1
service-kiosko-upn,com.tech.application.rest.controllers,RepDocumentoPersonalController,252,463,11,1,46,86,9,8,1,8
service-kiosko-upn,com.tech.application.rest.controllers,MaeCompaniaController,270,3,10,0,56,1,10,1,5,1
service-kiosko-upn,com.tech.application.rest.controllers,MaeTablaController,351,3,6,0,73,1,10,1,7,1
service-kiosko-upn,com.tech.application.rest.controllers,SkmConfigVisualizacionController,315,3,0,0,69,1,7,1,7,1
service-kiosko-upn,com.tech.application.rest.controllers,SkmVacacionesController,495,3,4,0,103,1,11,1,9,1
service-kiosko-upn,com.tech.application.rest.controllers,PlaPersonalController,59,3,2,0,12,1,2,1,1,1
service-kiosko-upn,com.tech.application.rest.controllers,SkmReglamentosController,208,3,4,0,48,1,6,1,4,1
service-kiosko-upn,com.tech.application.rest.controllers,MaeTablaDetController,476,3,8,0,99,1,12,1,8,1
service-kiosko-upn,com.tech.application.rest.controllers,EmailController,19,7,0,0,4,2,1,1,1,1
service-kiosko-upn,com.tech.application.rest.controllers,MaeUsuarioController,14,3,0,0,3,1,3,1,3,1
service-kiosko-upn,com.tech.application.rest.controllers,SkmAnunciosController,514,3,4,0,110,1,12,1,10,1
service-kiosko-upn,com.tech.application.rest.controllers,SkmTablaController,187,3,2,0,39,1,5,1,4,1
service-kiosko-upn,com.tech.application.rest.controllers,SkmPermisosController,495,3,4,0,103,1,11,1,9,1
service-kiosko-upn,com.tech.application.rest.controllers,SkmPrestamosController,501,3,4,0,104,1,11,1,9,1
service-kiosko-upn,com.tech.application.rest.controllers,SharedController,39,3,2,0,8,1,4,1,3,1
service-kiosko-upn,com.tech.application.rest.security.controller,AuthController,91,3,2,0,21,1,3,1,2,1
service-kiosko-upn,com.tech.application.rest.models.entity,EmailResponse,26,0,0,0,5,0,6,0,6,0
service-kiosko-upn,com.tech.application.rest.models.entity,SkmTabla,53,3,0,0,7,1,11,1,11,1
service-kiosko-upn,com.tech.application.rest.models.entity,RepBoletaCts,342,154,0,0,1,51,49,51,49,51
service-kiosko-upn,com.tech.application.rest.models.entity,MaeCompania,106,0,0,0,13,0,22,0,22,0
service-kiosko-upn,com.tech.application.rest.models.entity,SkmPrestamos,133,3,0,0,15,1,27,1,27,1
service-kiosko-upn,com.tech.application.rest.models.entity,SkmVacaciones,123,3,0,0,14,1,25,1,25,1
service-kiosko-upn,com.tech.application.rest.models.entity,MaeTabla,50,3,0,0,12,1,11,1,11,1
service-kiosko-upn,com.tech.application.rest.models.entity,AWConfiguration,33,3,0,0,5,1,7,1,7,1
service-kiosko-upn,com.tech.application.rest.models.entity,Modulo,30,3,0,0,13,2,7,1,7,1
service-kiosko-upn,com.tech.application.rest.models.entity,MaeUsuario,100,3,0,0,41,2,21,1,21,1
service-kiosko-upn,com.tech.application.rest.models.entity,PlaPersonal,336,0,0,0,36,0,68,0,68,0
service-kiosko-upn,com.tech.application.rest.models.entity,RepCertificado5ta,580,256,0,0,1,85,83,85,83,85
service-kiosko-upn,com.tech.application.rest.models.entity,RepBoletaPago,734,322,0,0,1,107,105,107,105,107
service-kiosko-upn,com.tech.application.rest.models.entity,SkmConfigVisualizacion,66,0,0,0,9,0,14,0,14,0
service-kiosko-upn,com.tech.application.rest.models.entity,EmailRequest,46,0,0,0,7,0,10,0,10,0
service-kiosko-upn,com.tech.application.rest.models.entity,SkmAprobaciones,83,3,0,0,10,1,17,1,17,1
service-kiosko-upn,com.tech.application.rest.models.entity,SkmReglamentos,93,3,0,0,11,1,19,1,19,1
service-kiosko-upn,com.tech.application.rest.models.entity,LoginAttempt,43,3,0,0,6,1,9,1,9,1
service-kiosko-upn,com.tech.application.rest.models.entity,SkmPermisos,123,3,0,0,14,1,25,1,25,1
service-kiosko-upn,com.tech.application.rest.models.entity,SkmAnuncios,113,3,0,0,13,1,23,1,23,1
service-kiosko-upn,com.tech.application.rest.models.entity,MaeTablaDet,104,3,0,0,25,1,16,1,16,1
service-kiosko-upn,com.tech.application.rest.models.entity,RepDatosPersonal,346,0,0,0,37,0,70,0,70,0
service-kiosko-upn,com.tech.application.rest.security.service,RolService,11,3,0,0,3,1,2,1,2,1
service-kiosko-upn,com.tech.application.rest.security.service,UserDetailsServiceImpl,10,3,0,0,2,1,1,1,1,1
service-kiosko-upn,com.tech.application.rest.security.service,UsuarioService,21,3,0,0,5,1,4,1,4,1
service-kiosko-upn,com.tech.application.rest.utils,Constantes,3,0,0,0,1,0,1,0,1,0
service-kiosko-upn,com.tech.application.rest.security,MainSecurity,0,83,0,0,0,19,0,7,0,7
service-kiosko-upn,com.tech.application.rest.models.entity.keys,SkmConfigVisualizacionId,3,0,0,0,1,0,1,0,1,0
service-kiosko-upn,com.tech.application.rest.models.entity.keys,PlaPersonalId,3,0,0,0,1,0,1,0,1,0
service-kiosko-upn,com.tech.application.rest.models.entity.shared,SubMenuModulo,103,3,0,0,12,1,21,1,21,1
service-kiosko-upn,com.tech.application.rest.models.entity.shared,MenuModulo,43,3,0,0,6,1,9,1,9,1
service-kiosko-upn,com.tech.application.rest,FreemarkerConfig,0,12,0,0,0,4,0,2,0,2
service-kiosko-upn,com.tech.application.rest,ApplicationRestApplication,14,3,0,0,3,1,2,1,2,1
service-kiosko-upn,com.tech.application.rest.models.services,ExchangeRateService,44,3,2,0,11,1,2,1,1,1
service-kiosko-upn,com.tech.application.rest.models.services,ModuloServiceImpl,33,3,0,0,7,1,6,1,6,1
service-kiosko-upn,com.tech.application.rest.security.enums,RolNombre,0,24,0,0,0,2,0,1,0,1
service-kiosko-upn,com.tech.application.rest.models.services.serviceimpl,ExcelExportServiceImpl,10,3,0,0,4,1,2,1,2,1
service-kiosko-upn,com.tech.application.rest.models.services.serviceimpl,UsuarioServiceImpl,53,3,0,0,11,1,10,1,10,1
service-kiosko-upn,com.tech.application.rest.models.services.serviceimpl,SkmConfigVisualizacionServiceImpl,50,3,0,0,6,1,6,1,6,1
service-kiosko-upn,com.tech.application.rest.models.services.serviceimpl,MaeTablaServiceImpl,34,3,0,0,7,1,6,1,6,1
service-kiosko-upn,com.tech.application.rest.models.services.serviceimpl,SkmVacacionesServiceImpl,50,3,0,0,9,1,8,1,8,1
service-kiosko-upn,com.tech.application.rest.models.services.serviceimpl,MaeTablaDetServiceImpl,37,3,0,0,9,1,7,1,7,1
service-kiosko-upn,com.tech.application.rest.models.services.serviceimpl,MaeCompaniaServiceImpl,14,3,0,0,3,1,3,1,3,1
service-kiosko-upn,com.tech.application.rest.models.services.serviceimpl,SkmPermisosServiceImpl,50,3,0,0,9,1,8,1,8,1
service-kiosko-upn,com.tech.application.rest.models.services.serviceimpl,SkmAprobacionesServiceImpl,46,3,0,0,10,1,8,1,8,1
service-kiosko-upn,com.tech.application.rest.models.services.serviceimpl,SkmPrestamosServiceImpl,52,3,0,0,9,1,8,1,8,1
service-kiosko-upn,com.tech.application.rest.models.services.serviceimpl,EmailServiceImpl,79,3,0,0,18,1,1,1,1,1
service-kiosko-upn,com.tech.application.rest.models.services.serviceimpl,PlaPersonalServiceImpl,7,3,0,0,1,1,1,1,1,1
service-kiosko-upn,com.tech.application.rest.models.services.serviceimpl,SkmAnunciosServiceImpl,45,3,0,0,9,1,8,1,8,1
service-kiosko-upn,com.tech.application.rest.models.services.serviceimpl,SkmReglamentosServiceImpl,14,3,0,0,3,1,3,1,3,1
service-kiosko-upn,com.tech.application.rest.models.services.serviceimpl,AWConfigurationServiceImpl,73,3,4,0,15,1,4,1,2,1
service-kiosko-upn,com.tech.application.rest.models.services.serviceimpl,RepDocumentoPersonalServiceImpl,41,3,0,0,4,1,4,1,4,1
service-kiosko-upn,com.tech.application.rest.models.services.serviceimpl,SkmTablaServiceImpl,20,3,0,0,4,1,4,1,4,1
service-kiosko-upn,com.tech.application.rest.models.services.serviceimpl,ArchivoServiceImpl,152,260,18,30,24,32,16,15,4,3
service-kiosko-upn,com.tech.application.rest.security.jwt,JwtProvider,77,7,0,0,21,2,3,2,3,2
service-kiosko-upn,com.tech.application.rest.security.jwt,JwtEntryPoint,8,7,0,0,3,2,1,2,1,2
service-kiosko-upn,com.tech.application.rest.security.jwt,JwtTokenFilter,67,7,8,0,16,2,6,2,2,2
service-kiosko-upn,com.tech.application.rest.models.services.shared,MenuModuloServiceImpl,5,3,0,0,1,1,1,1,1,1
service-kiosko-upn,com.tech.application.rest.models.services.shared,SubMenuModuloServiceImpl,13,3,0,0,2,1,2,1,2,1
service-kiosko-upn,com.tech.application.rest.views.excel,RptAuditoriaConsultaDoc,238,0,24,0,42,0,15,0,3,0
service-kiosko-upn,com.tech.application.rest.views.excel,RptAnunciosConsultaTodos,237,0,26,0,40,0,16,0,3,0
service-kiosko-upn,com.tech.application.rest.models.entity.configurations,TablaGeneral,44,0,0,0,10,0,2,0,2,0
service-kiosko-upn,com.tech.application.rest.security.entity,Usuario,332,0,10,0,84,0,27,0,22,0
service-kiosko-upn,com.tech.application.rest.security.entity,Rol,20,3,0,0,9,2,5,1,5,1
service-kiosko-upn,com.tech.application.rest.security.entity,UsuarioPrincipal,102,0,0,0,35,0,16,0,16,0
service-kiosko-upn,com.tech.application.rest.security.dto,LoginUsuario,26,0,0,0,5,0,6,0,6,0
service-kiosko-upn,com.tech.application.rest.security.dto,NuevoUsuario,78,0,0,0,32,0,21,0,21,0
service-kiosko-upn,com.tech.application.rest.security.dto,JwtDto,83,0,0,0,34,0,17,0,17,0
